letter,n_gt,gt_top1,gt_top3,n_recon,recon_top1,recon_top3
A,25,1.0000,1.0000,25,0.7200,0.8800
B,29,0.8966,0.9655,29,0.8966,0.9310
C,30,1.0000,1.0000,30,1.0000,1.0000
D,29,0.9310,1.0000,29,0.7931,0.8276
E,27,1.0000,1.0000,27,0.8889,0.9259
F,28,0.9643,1.0000,28,0.7857,0.9643
G,32,0.8125,1.0000,32,0.8750,1.0000
H,30,0.9333,0.9667,30,0.8333,0.9667
I,27,0.6296,1.0000,27,0.6296,1.0000
J,31,0.9677,1.0000,31,0.9355,1.0000
K,31,1.0000,1.0000,31,0.9355,1.0000
L,22,0.5909,0.9091,22,0.5455,0.9091
M,28,1.0000,1.0000,28,0.9286,0.9286
N,31,0.9355,0.9677,31,0.8387,0.9677
O,31,1.0000,1.0000,31,0.9032,0.9677
P,29,1.0000,1.0000,29,0.7931,1.0000
Q,27,0.9630,1.0000,27,0.9259,0.9630
R,32,1.0000,1.0000,32,0.8125,0.9375
S,16,1.0000,1.0000,16,0.9375,1.0000
T,20,0.8500,0.9000,20,0.8500,0.9000
U,32,0.9688,1.0000,32,0.9062,1.0000
V,11,0.9091,1.0000,11,0.8182,0.8182
W,32,1.0000,1.0000,32,0.9688,1.0000
X,24,1.0000,1.0000,24,0.8333,1.0000
Y,25,1.0000,1.0000,25,1.0000,1.0000
Z,29,0.9655,0.9655,29,0.9655,0.9655
